-- MySQL dump 10.13  Distrib 5.6.24, for Win64 (x86_64)
--
-- Host: ftp.ar51.eu    Database: group11
-- ------------------------------------------------------
-- Server version	5.6.36-log

/*!40101 SET @OLD_CHARACTER_SET_CLIENT=@@CHARACTER_SET_CLIENT */;
/*!40101 SET @OLD_CHARACTER_SET_RESULTS=@@CHARACTER_SET_RESULTS */;
/*!40101 SET @OLD_COLLATION_CONNECTION=@@COLLATION_CONNECTION */;
/*!40101 SET NAMES utf8 */;
/*!40103 SET @OLD_TIME_ZONE=@@TIME_ZONE */;
/*!40103 SET TIME_ZONE='+00:00' */;
/*!40014 SET @OLD_UNIQUE_CHECKS=@@UNIQUE_CHECKS, UNIQUE_CHECKS=0 */;
/*!40014 SET @OLD_FOREIGN_KEY_CHECKS=@@FOREIGN_KEY_CHECKS, FOREIGN_KEY_CHECKS=0 */;
/*!40101 SET @OLD_SQL_MODE=@@SQL_MODE, SQL_MODE='NO_AUTO_VALUE_ON_ZERO' */;
/*!40111 SET @OLD_SQL_NOTES=@@SQL_NOTES, SQL_NOTES=0 */;

--
-- Table structure for table `DEVICES`
--

DROP TABLE IF EXISTS `DEVICES`;
/*!40101 SET @saved_cs_client     = @@character_set_client */;
/*!40101 SET character_set_client = utf8 */;
CREATE TABLE `DEVICES` (
  `id` int(11) NOT NULL AUTO_INCREMENT,
  `user_id` int(11) NOT NULL,
  `state` tinyint(1) NOT NULL,
  `date_time` int(11) NOT NULL,
  `appliance` varchar(25) DEFAULT NULL,
  PRIMARY KEY (`id`),
  UNIQUE KEY `id_UNIQUE` (`id`)
) ENGINE=MyISAM AUTO_INCREMENT=8 DEFAULT CHARSET=latin1;
/*!40101 SET character_set_client = @saved_cs_client */;

--
-- Dumping data for table `DEVICES`
--

LOCK TABLES `DEVICES` WRITE;
/*!40000 ALTER TABLE `DEVICES` DISABLE KEYS */;
INSERT INTO `DEVICES` VALUES (1,1,0,1494502769,'Fridge'),(2,1,0,1486924739,'Freezer'),(3,3,0,1493996830,'Fridge'),(4,2,0,1493996813,'Fridge');
/*!40000 ALTER TABLE `DEVICES` ENABLE KEYS */;
UNLOCK TABLES;

--
-- Table structure for table `DEVICE_HISTORY`
--

DROP TABLE IF EXISTS `DEVICE_HISTORY`;
/*!40101 SET @saved_cs_client     = @@character_set_client */;
/*!40101 SET character_set_client = utf8 */;
CREATE TABLE `DEVICE_HISTORY` (
  `id` int(11) NOT NULL AUTO_INCREMENT,
  `device_id` int(11) NOT NULL,
  `state` int(1) NOT NULL,
  `date_time` int(11) NOT NULL,
  PRIMARY KEY (`id`),
  UNIQUE KEY `id_UNIQUE` (`id`)
) ENGINE=InnoDB AUTO_INCREMENT=1438 DEFAULT CHARSET=latin1;
/*!40101 SET character_set_client = @saved_cs_client */;

--
-- Dumping data for table `DEVICE_HISTORY`
--

LOCK TABLES `DEVICE_HISTORY` WRITE;
/*!40000 ALTER TABLE `DEVICE_HISTORY` DISABLE KEYS */;
INSERT INTO `DEVICE_HISTORY` VALUES (1,1,1,1490943824),(2,1,0,1490943872),(3,1,1,1490944017),(4,1,0,1490944051),(5,1,1,1490960181),(6,1,0,1490960222),(7,1,1,1490960339),(8,1,0,1490960366),(9,1,1,1490966837),(10,1,0,1490966877),(11,1,1,1490967303),(12,1,0,1490967348),(13,1,1,1490976802),(14,1,0,1490976834),(15,1,1,1490976949),(16,1,0,1490976969),(17,1,1,1490981621),(18,1,0,1490981638),(19,1,1,1490982011),(20,1,0,1490982046),(21,1,1,1490991904),(22,1,0,1490991931),(23,1,1,1490992022),(24,1,0,1490992050),(25,1,1,1490857632),(26,1,0,1490857656),(27,1,1,1490857748),(28,1,0,1490857791),(29,1,1,1490872494),(30,1,0,1490872506),(31,1,1,1490872603),(32,1,0,1490872618),(33,1,1,1490880020),(34,1,0,1490880039),(35,1,1,1490880243),(36,1,0,1490880266),(37,1,1,1490890323),(38,1,0,1490890367),(39,1,1,1490890500),(40,1,0,1490890519),(41,1,1,1490894498),(42,1,0,1490894519),(43,1,1,1490895062),(44,1,0,1490895088),(45,1,1,1490904623),(46,1,0,1490904652),(47,1,1,1490904699),(48,1,0,1490904724),(49,1,1,1490770869),(50,1,0,1490770907),(51,1,1,1490771119),(52,1,0,1490771152),(53,1,1,1490785643),(54,1,0,1490785680),(55,1,1,1490785791),(56,1,0,1490785807),(57,1,1,1490792513),(58,1,0,1490792534),(59,1,1,1490793009),(60,1,0,1490793049),(61,1,1,1490803563),(62,1,0,1490803612),(63,1,1,1490803675),(64,1,0,1490803694),(65,1,1,1490809804),(66,1,0,1490809837),(67,1,1,1490810305),(68,1,0,1490810329),(69,1,1,1490820316),(70,1,0,1490820329),(71,1,1,1490820532),(72,1,0,1490820550),(73,1,1,1490687310),(74,1,0,1490687331),(75,1,1,1490687548),(76,1,0,1490687567),(77,1,1,1490700541),(78,1,0,1490700578),(79,1,1,1490700672),(80,1,0,1490700700),(81,1,1,1490707929),(82,1,0,1490707951),(83,1,1,1490708039),(84,1,0,1490708050),(85,1,1,1490718223),(86,1,0,1490718239),(87,1,1,1490718304),(88,1,0,1490718315),(89,1,1,1490723700),(90,1,0,1490723718),(91,1,1,1490723942),(92,1,0,1490723966),(93,1,1,1490732094),(94,1,0,1490732109),(95,1,1,1490732244),(96,1,0,1490732261),(97,1,1,1490738441),(98,1,0,1490738463),(99,1,1,1490601365),(100,1,0,1490601389),(101,1,1,1490601519),(102,1,0,1490601532),(103,1,1,1490613549),(104,1,0,1490613566),(105,1,1,1490613660),(106,1,0,1490613677),(107,1,1,1490619659),(108,1,0,1490619667),(109,1,1,1490620541),(110,1,0,1490620554),(111,1,1,1490630951),(112,1,0,1490630970),(113,1,1,1490631044),(114,1,0,1490631059),(115,1,1,1490636082),(116,1,0,1490636096),(117,1,1,1490636762),(118,1,0,1490636797),(119,1,1,1490641745),(120,1,0,1490641755),(121,1,1,1490648143),(122,1,0,1490648158),(123,1,1,1490648220),(124,1,0,1490648241),(125,1,1,1490512750),(126,1,0,1490512770),(127,1,1,1490512921),(128,1,0,1490512937),(129,1,1,1490526834),(130,1,0,1490526846),(131,1,1,1490526991),(132,1,0,1490527011),(133,1,1,1490534362),(134,1,0,1490534380),(135,1,1,1490534479),(136,1,0,1490534496),(137,1,1,1490545812),(138,1,0,1490545825),(139,1,1,1490545919),(140,1,0,1490545928),(141,1,1,1490549711),(142,1,0,1490549730),(143,1,1,1490550161),(144,1,0,1490550177),(145,1,1,1490560760),(146,1,0,1490560781),(147,1,1,1490560896),(148,1,0,1490560913),(149,1,1,1490425627),(150,1,0,1490425641),(151,1,1,1490425728),(152,1,0,1490425744),(153,1,1,1490440209),(154,1,0,1490440224),(155,1,1,1490440289),(156,1,0,1490440300),(157,1,1,1490447730),(158,1,0,1490447745),(159,1,1,1490448120),(160,1,0,1490448139),(161,1,1,1490458275),(162,1,0,1490458288),(163,1,1,1490458382),(164,1,0,1490458396),(165,1,1,1490463714),(166,1,0,1490463727),(167,1,1,1490464216),(168,1,0,1490464230),(169,1,1,1490473820),(170,1,0,1490473831),(171,1,1,1490473904),(172,1,0,1490473915),(173,1,1,1486883484),(174,1,0,1486883495),(175,1,1,1486883571),(176,1,0,1486883586),(177,1,1,1486897391),(178,1,0,1486897405),(179,1,1,1486897483),(180,1,0,1486897497),(181,1,1,1486905780),(182,1,0,1486905790),(183,1,1,1486905940),(184,1,0,1486905949),(185,1,1,1486916059),(186,1,0,1486916070),(187,1,1,1486916159),(188,1,0,1486916163),(189,1,1,1486922306),(190,1,0,1486922315),(191,1,1,1486922705),(192,1,0,1486922717),(193,1,1,1486932137),(194,1,0,1486932156),(195,1,1,1486932241),(196,1,0,1486932254),(197,1,1,1486797415),(198,1,0,1486797428),(199,1,1,1486797553),(200,1,0,1486797568),(201,1,1,1486811291),(202,1,0,1486811308),(203,1,1,1486811392),(204,1,0,1486811405),(205,1,1,1486818878),(206,1,0,1486818895),(207,1,1,1486819141),(208,1,0,1486819149),(209,1,1,1486828979),(210,1,0,1486828984),(211,1,1,1486829079),(212,1,0,1486829092),(213,1,1,1486835172),(214,1,0,1486835188),(215,1,1,1486835959),(216,1,0,1486835977),(217,1,1,1486845094),(218,1,0,1486845108),(219,1,1,1486845184),(220,1,0,1486845197),(221,1,1,1483513413),(222,1,0,1483513421),(223,1,1,1483513549),(224,1,0,1483513558),(225,1,1,1483523705),(226,1,0,1483523709),(227,1,1,1483528449),(228,1,0,1483528458),(229,1,1,1483528559),(230,1,0,1483528563),(231,1,1,1483534838),(232,1,0,1483534852),(233,1,1,1483535052),(234,1,0,1483535062),(235,1,1,1483546576),(236,1,0,1483546588),(237,1,1,1483546724),(238,1,0,1483546737),(239,1,1,1483552201),(240,1,0,1483552210),(241,1,1,1483552700),(242,1,0,1483552710),(243,1,1,1483562164),(244,1,0,1483562175),(245,1,1,1483562310),(246,1,0,1483562321),(247,1,1,1483514221),(248,1,0,1483514233),(249,1,1,1483514314),(250,1,0,1483514325),(251,1,1,1483527730),(252,1,0,1483527736),(253,1,1,1483527770),(254,1,0,1483527776),(255,1,1,1483536014),(256,1,0,1483536019),(257,1,1,1483536212),(258,1,0,1483536220),(259,1,1,1483546272),(260,1,0,1483546282),(261,1,1,1483546320),(262,1,0,1483546328),(263,1,1,1483551816),(264,1,0,1483551822),(265,1,1,1483552082),(266,1,0,1483552090),(267,1,1,1483562879),(268,1,0,1483562885),(269,1,1,1483562947),(270,1,0,1483562958),(271,1,1,1492412924),(272,1,0,1492412932),(273,1,1,1492413057),(274,1,0,1492413091),(275,1,1,1492428381),(276,1,0,1492428399),(277,1,1,1492428539),(278,1,0,1492428566),(279,1,1,1492435337),(280,1,0,1492435367),(281,1,1,1492435673),(282,1,0,1492435688),(283,1,1,1492444932),(284,1,0,1492444954),(285,1,1,1492445051),(286,1,0,1492445070),(287,1,1,1492450765),(288,1,0,1492450778),(289,1,1,1492451040),(290,1,0,1492451051),(291,1,1,1492461264),(292,1,0,1492461278),(293,1,1,1492461361),(294,1,0,1492461372),(295,1,1,1492500265),(296,1,0,1492500274),(297,1,1,1492500328),(298,1,0,1492500340),(299,1,1,1492513500),(300,1,0,1492513515),(301,1,1,1492513570),(302,1,0,1492513578),(303,1,1,1492521765),(304,1,0,1492521773),(305,1,1,1492522082),(306,1,0,1492522093),(307,1,1,1492532304),(308,1,0,1492532316),(309,1,1,1492532385),(310,1,0,1492532398),(311,1,1,1492537810),(312,1,0,1492537818),(313,1,1,1492538346),(314,1,0,1492538360),(315,1,1,1492547490),(316,1,0,1492547501),(317,1,1,1492547582),(318,1,0,1492547591),(319,1,1,1492585692),(320,1,0,1492585703),(321,1,1,1492585760),(322,1,0,1492585769),(323,1,1,1492600473),(324,1,0,1492600481),(325,1,1,1492600515),(326,1,0,1492600520),(327,1,1,1492607892),(328,1,0,1492607904),(329,1,1,1492607946),(330,1,0,1492607955),(331,1,1,1492618576),(332,1,0,1492618589),(333,1,1,1492618670),(334,1,0,1492618679),(335,1,1,1492623729),(336,1,0,1492623737),(337,1,1,1492624186),(338,1,0,1492624194),(339,1,1,1492634082),(340,1,0,1492634094),(341,1,1,1492634104),(342,1,0,1492634104),(343,1,1,1492672002),(344,1,0,1492672010),(345,1,1,1492672079),(346,1,0,1492672088),(347,1,1,1492686660),(348,1,0,1492686673),(349,1,1,1492686733),(350,1,0,1492686741),(351,1,1,1492694055),(352,1,0,1492694066),(353,1,1,1492694148),(354,1,0,1492694159),(355,1,1,1492705700),(356,1,0,1492705712),(357,1,1,1492705749),(358,1,0,1492705758),(359,1,1,1492710690),(360,1,0,1492710701),(361,1,1,1492710899),(362,1,0,1492710906),(363,1,1,1492720561),(364,1,0,1492720571),(365,1,1,1492720676),(366,1,0,1492720685),(367,1,1,1492725641),(368,1,0,1492725663),(369,1,1,1492759023),(370,1,0,1492759032),(371,1,1,1492759134),(372,1,0,1492759142),(373,1,1,1492772590),(374,1,0,1492772599),(375,1,1,1492772733),(376,1,0,1492772742),(377,1,1,1492780689),(378,1,0,1492780697),(379,1,1,1492780740),(380,1,0,1492780753),(381,1,1,1492791404),(382,1,0,1492791415),(383,1,1,1492791479),(384,1,0,1492791488),(385,1,1,1492796410),(386,1,0,1492796421),(387,1,1,1492796671),(388,1,0,1492796680),(389,1,1,1492807181),(390,1,0,1492807194),(391,1,1,1492807240),(392,1,0,1492807257),(393,1,1,1492845723),(394,1,0,1492845734),(395,1,1,1492845779),(396,1,0,1492845789),(397,1,1,1492859372),(398,1,0,1492859387),(399,1,1,1492859514),(400,1,0,1492859528),(401,1,1,1492867153),(402,1,0,1492867180),(403,1,1,1492867335),(404,1,0,1492867346),(405,1,1,1492878343),(406,1,0,1492878356),(407,1,1,1492878409),(408,1,0,1492878416),(409,1,1,1492881978),(410,1,0,1492881990),(411,1,1,1492882281),(412,1,0,1492882294),(413,1,1,1492893970),(414,1,0,1492893979),(415,1,1,1492894012),(416,1,0,1492894020),(417,1,1,1492931220),(418,1,0,1492931228),(419,1,1,1492931283),(420,1,0,1492931291),(421,1,1,1492946170),(422,1,0,1492946179),(423,1,1,1492946253),(424,1,0,1492946261),(425,1,1,1492953622),(426,1,0,1492953645),(427,1,1,1492953855),(428,1,0,1492953863),(429,1,1,1492963261),(430,1,0,1492963271),(431,1,1,1492963384),(432,1,0,1492963396),(433,1,1,1492969109),(434,1,0,1492969120),(435,1,1,1492969522),(436,1,0,1492969531),(437,1,1,1492979412),(438,1,0,1492979428),(439,1,1,1492979523),(440,1,0,1492979535),(441,1,1,1493881565),(442,1,0,1493881569),(443,1,1,1493881695),(444,1,0,1493881701),(445,1,1,1493896860),(446,1,0,1493896868),(447,1,1,1493896978),(448,1,0,1493896982),(449,1,1,1493903896),(450,1,0,1493903900),(451,1,1,1493904100),(452,1,0,1493904106),(453,1,1,1493914231),(454,1,0,1493914236),(455,1,1,1493914309),(456,1,0,1493914317),(457,1,1,1493919782),(458,1,0,1493919789),(459,1,1,1493920492),(460,1,0,1493920501),(461,1,1,1493931423),(462,1,0,1493931431),(463,1,1,1493931478),(464,1,0,1493931484),(465,1,1,1493968353),(466,1,0,1493968359),(467,1,1,1493968464),(468,1,0,1493968470),(469,1,1,1493982671),(470,1,0,1493982678),(471,1,1,1493982733),(472,1,0,1493982740),(473,1,1,1493989448),(474,1,0,1493989455),(475,1,1,1493989559),(476,1,0,1493989566),(477,1,1,1494000720),(478,1,0,1494000727),(479,1,1,1494000816),(480,1,0,1494000827),(481,1,1,1494005542),(482,1,0,1494005551),(483,1,1,1494005931),(484,1,0,1494005938),(485,1,1,1494016850),(486,1,0,1494016856),(487,1,1,1494016921),(488,1,0,1494016932),(489,1,1,1494054605),(490,1,0,1494054612),(491,1,1,1494054710),(492,1,0,1494054718),(493,1,1,1494069135),(494,1,0,1494069143),(495,1,1,1494069220),(496,1,0,1494069228),(497,1,1,1494076202),(498,1,0,1494076210),(499,1,1,1494076290),(500,1,0,1494076298),(501,1,1,1494089084),(502,1,0,1494089092),(503,1,1,1494089114),(504,1,0,1494089122),(505,1,1,1494092114),(506,1,0,1494092120),(507,1,1,1494092286),(508,1,0,1494092293),(509,1,1,1494102732),(510,1,0,1494102744),(511,1,1,1494102816),(512,1,0,1494102822),(513,1,1,1494141101),(514,1,0,1494141109),(515,1,1,1494141142),(516,1,0,1494141150),(517,1,1,1494155435),(518,1,0,1494155442),(519,1,1,1494155466),(520,1,0,1494155471),(521,1,1,1494162985),(522,1,0,1494162992),(523,1,1,1494163140),(524,1,0,1494163148),(525,1,1,1494174006),(526,1,0,1494174013),(527,1,1,1494174059),(528,1,0,1494174065),(529,1,1,1494178585),(530,1,0,1494178595),(531,1,1,1494178800),(532,1,0,1494178805),(533,1,1,1494189230),(534,1,0,1494189238),(535,1,1,1494189266),(536,1,0,1494189271),(537,1,1,1494227171),(538,1,0,1494227178),(539,1,1,1494227268),(540,1,0,1494227277),(541,1,1,1494242100),(542,1,0,1494242106),(543,1,1,1494242222),(544,1,0,1494242231),(545,1,1,1494249016),(546,1,0,1494249025),(547,1,1,1494249193),(548,1,0,1494249200),(549,1,1,1494260530),(550,1,0,1494260536),(551,1,1,1494260625),(552,1,0,1494260632),(553,1,1,1494265683),(554,1,0,1494265691),(555,1,1,1494266027),(556,1,0,1494266034),(557,1,1,1494276690),(558,1,0,1494276699),(559,1,1,1494276749),(560,1,0,1494276755),(561,1,1,1494314069),(562,1,0,1494314077),(563,1,1,1494314159),(564,1,0,1494314166),(565,1,1,1494328323),(566,1,0,1494328330),(567,1,1,1494328441),(568,1,0,1494328447),(569,1,1,1494335299),(570,1,0,1494335305),(571,1,1,1494335391),(572,1,0,1494335398),(573,1,1,1494346634),(574,1,0,1494346643),(575,1,1,1494346686),(576,1,0,1494346695),(577,1,1,1494351152),(578,1,0,1494351159),(579,1,1,1494351361),(580,1,0,1494351367),(581,1,1,1494362238),(582,1,0,1494362246),(583,1,1,1494362324),(584,1,0,1494362331),(585,1,1,1494399856),(586,1,0,1494399863),(587,1,1,1494400012),(588,1,0,1494400020),(589,1,1,1494414752),(590,1,0,1494414761),(591,1,1,1494414789),(592,1,0,1494414796),(593,1,1,1494421282),(594,1,0,1494421290),(595,1,1,1494421520),(596,1,0,1494421527),(597,1,1,1494432370),(598,1,0,1494432377),(599,1,1,1494432414),(600,1,0,1494432419),(601,1,1,1494438540),(602,1,0,1494438548),(603,1,1,1494438741),(604,1,0,1494438750),(605,1,1,1494449105),(606,1,0,1494449111),(607,1,1,1494449160),(608,1,0,1494449168),(617,2,1,1493903896),(618,2,0,1493903900),(619,2,1,1493904100),(620,2,0,1493904106),(625,2,1,1493919782),(626,2,0,1493919789),(627,2,1,1493920492),(628,2,0,1493920501),(641,2,1,1493989448),(642,2,0,1493989455),(643,2,1,1493989559),(644,2,0,1493989566),(649,2,1,1494005542),(650,2,0,1494005551),(651,2,1,1494005931),(652,2,0,1494005938),(673,2,1,1494092114),(674,2,0,1494092120),(675,2,1,1494092286),(676,2,0,1494092293),(689,2,1,1494162985),(690,2,0,1494162992),(691,2,1,1494163140),(692,2,0,1494163148),(713,2,1,1494249016),(714,2,0,1494249025),(715,2,1,1494249193),(716,2,0,1494249200),(737,2,1,1494335299),(738,2,0,1494335305),(739,2,1,1494335391),(740,2,0,1494335398),(745,2,1,1494351152),(746,2,0,1494351159),(747,2,1,1494351361),(748,2,0,1494351367),(769,2,1,1494438540),(770,2,0,1494438548),(771,2,1,1494438741),(772,2,0,1494438750),(778,3,1,1493881565),(779,3,0,1493881569),(781,3,1,1493881695),(782,3,0,1493881701),(783,3,1,1493896860),(784,3,0,1493896868),(785,3,1,1493896978),(786,3,0,1493896982),(787,3,1,1493903896),(788,3,0,1493903900),(789,3,1,1493904100),(790,3,0,1493904106),(791,3,1,1493914231),(792,3,0,1493914236),(793,3,1,1493914309),(794,3,0,1493914317),(795,3,1,1493919782),(796,3,0,1493919789),(797,3,1,1493920492),(798,3,0,1493920501),(799,3,1,1493931423),(800,3,0,1493931431),(801,3,1,1493931478),(802,3,0,1493931484),(803,3,1,1493968353),(804,3,0,1493968359),(805,3,1,1493968464),(806,3,0,1493968470),(807,3,1,1493982671),(808,3,0,1493982678),(809,3,1,1493982733),(810,3,0,1493982740),(811,3,1,1493989448),(812,3,0,1493989455),(813,3,1,1493989559),(814,3,0,1493989566),(815,3,1,1494000720),(816,3,0,1494000727),(817,3,1,1494000816),(818,3,0,1494000827),(819,3,1,1494005542),(820,3,0,1494005551),(821,3,1,1494005931),(822,3,0,1494005938),(823,3,1,1494016850),(824,3,0,1494016856),(825,3,1,1494016921),(826,3,0,1494016932),(827,3,1,1494054605),(828,3,0,1494054612),(829,3,1,1494054710),(830,3,0,1494054718),(831,3,1,1494069135),(832,3,0,1494069143),(833,3,1,1494069220),(834,3,0,1494069228),(835,3,1,1494076202),(836,3,0,1494076210),(837,3,1,1494076290),(838,3,0,1494076298),(839,3,1,1494089084),(840,3,0,1494089092),(841,3,1,1494089114),(842,3,0,1494089122),(843,3,1,1494092114),(844,3,0,1494092120),(845,3,1,1494092286),(846,3,0,1494092293),(847,3,1,1494102732),(848,3,0,1494102744),(849,3,1,1494102816),(850,3,0,1494102822),(851,3,1,1494141101),(852,3,0,1494141109),(853,3,1,1494141142),(854,3,0,1494141150),(855,3,1,1494155435),(856,3,0,1494155442),(857,3,1,1494155466),(858,3,0,1494155471),(859,3,1,1494162985),(860,3,0,1494162992),(861,3,1,1494163140),(862,3,0,1494163148),(863,3,1,1494174006),(864,3,0,1494174013),(865,3,1,1494174059),(866,3,0,1494174065),(867,3,1,1494178585),(868,3,0,1494178595),(869,3,1,1494178800),(870,3,0,1494178805),(871,3,1,1494189230),(872,3,0,1494189238),(873,3,1,1494189266),(874,3,0,1494189271),(875,3,1,1494227171),(876,3,0,1494227178),(877,3,1,1494227268),(878,3,0,1494227277),(879,3,1,1494242100),(880,3,0,1494242106),(881,3,1,1494242222),(882,3,0,1494242231),(883,3,1,1494249016),(884,3,0,1494249025),(885,3,1,1494249193),(886,3,0,1494249200),(887,3,1,1494260530),(888,3,0,1494260536),(889,3,1,1494260625),(890,3,0,1494260632),(891,3,1,1494265683),(892,3,0,1494265691),(893,3,1,1494266027),(894,3,0,1494266034),(895,3,1,1494276690),(896,3,0,1494276699),(897,3,1,1494276749),(898,3,0,1494276755),(899,3,1,1494314069),(900,3,0,1494314077),(901,3,1,1494314159),(902,3,0,1494314166),(903,3,1,1494328323),(904,3,0,1494328330),(905,3,1,1494328441),(906,3,0,1494328447),(907,3,1,1494335299),(908,3,0,1494335305),(909,3,1,1494335391),(910,3,0,1494335398),(911,3,1,1494346634),(912,3,0,1494346643),(913,3,1,1494346686),(914,3,0,1494346695),(915,3,1,1494351152),(916,3,0,1494351159),(917,3,1,1494351361),(918,3,0,1494351367),(919,3,1,1494362238),(920,3,0,1494362246),(921,3,1,1494362324),(922,3,0,1494362331),(923,3,1,1494399856),(924,3,0,1494399863),(925,3,1,1494400012),(926,3,0,1494400020),(927,3,1,1494414752),(928,3,0,1494414761),(929,3,1,1494414789),(930,3,0,1494414796),(931,3,1,1494421282),(932,3,0,1494421290),(933,3,1,1494421520),(934,3,0,1494421527),(935,3,1,1494432370),(936,3,0,1494432377),(937,3,1,1494432414),(938,3,0,1494432419),(939,3,1,1494438540),(940,3,0,1494438548),(941,3,1,1494438741),(942,3,0,1494438750),(943,3,1,1494449105),(944,3,0,1494449111),(945,3,1,1494449160),(946,3,0,1494449168),(947,4,1,1493881565),(948,4,0,1493881569),(949,4,1,1493881695),(950,4,0,1493881701),(951,4,1,1493896860),(952,4,0,1493896868),(953,4,1,1493896978),(954,4,0,1493896982),(955,4,1,1493903896),(956,4,0,1493903900),(957,4,1,1493904100),(958,4,0,1493904106),(959,4,1,1493914231),(960,4,0,1493914236),(961,4,1,1493914309),(962,4,0,1493914317),(963,4,1,1493919782),(964,4,0,1493919789),(965,4,1,1493920492),(966,4,0,1493920501),(967,4,1,1493931423),(968,4,0,1493931431),(969,4,1,1493931478),(970,4,0,1493931484),(971,4,1,1493968353),(972,4,0,1493968359),(973,4,1,1493968464),(974,4,0,1493968470),(975,4,1,1493982671),(976,4,0,1493982678),(977,4,1,1493982733),(978,4,0,1493982740),(979,4,1,1493989448),(980,4,0,1493989455),(981,4,1,1493989559),(982,4,0,1493989566),(983,4,1,1494000720),(984,4,0,1494000727),(985,4,1,1494000816),(986,4,0,1494000827),(987,4,1,1494005542),(988,4,0,1494005551),(989,4,1,1494005931),(990,4,0,1494005938),(991,4,1,1494016850),(992,4,0,1494016856),(993,4,1,1494016921),(994,4,0,1494016932),(995,4,1,1494054605),(996,4,0,1494054612),(997,4,1,1494054710),(998,4,0,1494054718),(999,4,1,1494069135),(1000,4,0,1494069143),(1001,4,1,1494069220),(1002,4,0,1494069228),(1003,4,1,1494076202),(1004,4,0,1494076210),(1005,4,1,1494076290),(1006,4,0,1494076298),(1007,4,1,1494089084),(1008,4,0,1494089092),(1009,4,1,1494089114),(1010,4,0,1494089122),(1011,4,1,1494092114),(1012,4,0,1494092120),(1013,4,1,1494092286),(1014,4,0,1494092293),(1015,4,1,1494102732),(1016,4,0,1494102744),(1017,4,1,1494102816),(1018,4,0,1494102822),(1019,4,1,1494141101),(1020,4,0,1494141109),(1021,4,1,1494141142),(1022,4,0,1494141150),(1023,4,1,1494155435),(1024,4,0,1494155442),(1025,4,1,1494155466),(1026,4,0,1494155471),(1027,4,1,1494162985),(1028,4,0,1494162992),(1029,4,1,1494163140),(1030,4,0,1494163148),(1031,4,1,1494174006),(1032,4,0,1494174013),(1033,4,1,1494174059),(1034,4,0,1494174065),(1035,4,1,1494178585),(1036,4,0,1494178595),(1037,4,1,1494178800),(1038,4,0,1494178805),(1039,4,1,1494189230),(1040,4,0,1494189238),(1041,4,1,1494189266),(1042,4,0,1494189271),(1043,4,1,1494227171),(1044,4,0,1494227178),(1045,4,1,1494227268),(1046,4,0,1494227277),(1047,4,1,1494242100),(1048,4,0,1494242106),(1049,4,1,1494242222),(1050,4,0,1494242231),(1051,4,1,1494249016),(1052,4,0,1494249025),(1053,4,1,1494249193),(1054,4,0,1494249200),(1055,4,1,1494260530),(1056,4,0,1494260536),(1057,4,1,1494260625),(1058,4,0,1494260632),(1059,4,1,1494265683),(1060,4,0,1494265691),(1061,4,1,1494266027),(1062,4,0,1494266034),(1063,4,1,1494276690),(1064,4,0,1494276699),(1065,4,1,1494276749),(1066,4,0,1494276755),(1067,4,1,1494314069),(1068,4,0,1494314077),(1069,4,1,1494314159),(1070,4,0,1494314166),(1071,4,1,1494328323),(1072,4,0,1494328330),(1073,4,1,1494328441),(1074,4,0,1494328447),(1075,4,1,1494335299),(1076,4,0,1494335305),(1077,4,1,1494335391),(1078,4,0,1494335398),(1079,4,1,1494346634),(1080,4,0,1494346643),(1081,4,1,1494346686),(1082,4,0,1494346695),(1083,4,1,1494351152),(1084,4,0,1494351159),(1085,4,1,1494351361),(1086,4,0,1494351367),(1087,4,1,1494362238),(1088,4,0,1494362246),(1089,4,1,1494362324),(1090,4,0,1494362331),(1091,4,1,1494399856),(1092,4,0,1494399863),(1093,4,1,1494400012),(1094,4,0,1494400020),(1095,4,1,1494414752),(1096,4,0,1494414761),(1097,4,1,1494414789),(1098,4,0,1494414796),(1099,4,1,1494421282),(1100,4,0,1494421290),(1101,4,1,1494421520),(1102,4,0,1494421527),(1103,4,1,1494432370),(1104,4,0,1494432377),(1105,4,1,1494432414),(1106,4,0,1494432419),(1107,4,1,1494438540),(1108,4,0,1494438548),(1109,4,1,1494438741),(1110,4,0,1494438750),(1111,4,1,1494449105),(1112,4,0,1494449111),(1113,4,1,1494449160),(1114,4,0,1494449168),(1387,1,1,1494495831),(1388,1,0,1494496457),(1423,1,1,1494500061),(1424,1,1,1494500150),(1425,1,1,1494500226),(1426,1,0,1494500464),(1427,1,1,1494500464),(1428,1,0,1494500476),(1429,1,1,1494500477),(1430,1,0,1494500915),(1431,1,1,1494500915),(1432,1,0,1494501009),(1433,1,1,1494501009),(1434,1,1,1494502417),(1435,1,0,1494502442),(1436,1,1,1494502464),(1437,1,1,1494502769);
/*!40000 ALTER TABLE `DEVICE_HISTORY` ENABLE KEYS */;
UNLOCK TABLES;

--
-- Table structure for table `GUARDIAN_CONTACT_DETAILS`
--

DROP TABLE IF EXISTS `GUARDIAN_CONTACT_DETAILS`;
/*!40101 SET @saved_cs_client     = @@character_set_client */;
/*!40101 SET character_set_client = utf8 */;
CREATE TABLE `GUARDIAN_CONTACT_DETAILS` (
  `id` int(11) NOT NULL AUTO_INCREMENT,
  `user_id` int(11) NOT NULL,
  `first_name` char(172) NOT NULL,
  `last_name` char(172) NOT NULL,
  `email` char(172) NOT NULL,
  `phone` char(172) NOT NULL,
  PRIMARY KEY (`id`),
  UNIQUE KEY `id_UNIQUE` (`id`)
) ENGINE=MyISAM AUTO_INCREMENT=6 DEFAULT CHARSET=latin1;
/*!40101 SET character_set_client = @saved_cs_client */;

--
-- Dumping data for table `GUARDIAN_CONTACT_DETAILS`
--

LOCK TABLES `GUARDIAN_CONTACT_DETAILS` WRITE;
/*!40000 ALTER TABLE `GUARDIAN_CONTACT_DETAILS` DISABLE KEYS */;
INSERT INTO `GUARDIAN_CONTACT_DETAILS` VALUES (1,1,'cce483f586f43a26455d44d118700f27ee10d0e18a338ab5731cb4a362161de75de0d49458fd96a364d04702128f4c6317fb58cd270237a58c905471011076a7+JwZECUPYJjCpDd0ML2AWUXND6TH2J3yJrdliidB92E=','1b5127f06a347ad994c7e096facd5a1d39396b3a04ec3fe4431278ca9930d986e349c49cbecfdde258c0cd7a07f043ad0b886c8fdd541a49144537820fd55b4ek0dXgxic0vtNvPEE0IoG4CuVWQy8ps9jNXH/bsXuvkU=','3dafc8372b77735f81d3ae157019053349dc7ed01fdca0320571326a5e2d9b10e42f2af91e7e720475edb3b1c4f747710607dfb573ca7f267977ff6d77da76676odhTOgxw71+iBgw6k3A3/v6orjB5Bo/z5dYcPhMzB53','2afd7e050e1c290acbd006b7ba1c859f48a5eeaf058a8420b1267c878ff30ac38c0b52100b1c6f04fe315ece0f3087fb4feffb978ceed2aef0b46b293eb9114aAPFhRjC4D4U7nG/3Eq3Ne1YAwn/mSXJRR+R99cDfXK0='),(2,1,'20427689ac24a5f72ed21b8cb71034e40880f89c5e0d339f4816b1b24a6b6e165dc75c9963c9e244a3cfa2e62fe1d92c2e4753188625a72557645bab49f2c28fQbUeG+oKs+xVGAMqE0TAm8t7MIXDv5WIFxSXkPf/28c=','130552b3c596d70bb9a662e5a67d653c4eb44a4678d320730e3ac0de2902b8c8aa346d627c5bd1bf155eb8adec2c1ecc242945a28faa332e1d30fd8a89e00e620Iyb7WELcRYJw5UzDjYl9eeuRZ40mDeHh7mLwl4cai8=','16507d795a3b892300ed1fe1f5d06170a82a1dbd366dddad647f6cce2f6699aabedf111558eef1c8f509f6b9215acba69eaebda7aedd016a3ef7c8144ff2e2f7QYYoc+QI9XfWDa7riwERF3hojtoR8M+D5pCdQVTspj2M','43728f3a1ab250044d5f35c5ebcfb1e8b6d33b2b77ae4c4df9b451cb44d2822eac605f619f170282a6a91be7eb5758791bd8a5f112baad8c9857edf7c486df57Nss4C0lvBx0vdw9u/YPctFj/T8zrXNsXbNY3BfW5GDU='),(3,2,'06294286988629544508d5a678ead0597f371af3c666545eb8818963436fced1149d1663f7fd1d78db1389d931928bdf7b7af65d25b59f54a7c56d8d7ab71ca0ZvEzRqx1L+oVdkNp3BXc2pnCEXny0xpwMQmzVYCxpCQ=','99e434281939d44beda203dbd113b3c3a866824e29d34e58450d021d9d4419c38fab1d8c60cba7eb017d5b74a7a9afa614a85cd8684854e8860acab199c654ffGQIYJx05t7677PXssV5ThekMQgO4ubbxeQKxfPZwCkQ=','0bea36304b6458f07c5a6aefc2280de6d1a5153a65cd82c920231c8b984604eb604e67819177b3be644200c5b42b6eebdfafb08046e85ea812e769dd09b92ee42fMw6Fl8fqF6CAp3KXudfzNZQI3YdpDBriN2d3SvDEEY','d02a784c0af53afa6c37f1f6a09a315e9bc97ae87a41d4e17e514620c26ab60063a1037986d0bb92f38d97e02e46b0c258e029c82e67385e2a935124c5f76ea7UYB1G/s3Yz1n6m56EU5bvO1qMzo7ZGm6UrktoO61Q1w='),(4,3,'626611e1978d44e6fe32e3c7cc510570913fac4bc8d0b052430d648546dd1d619e93ebb6b1721f5f4f48d0a3234285ba7742f6ded7581b30d4643abdc324fe043i0B4nulgJRjigpeymdjXoFTp2bt0UU96Akr+FvWDUc=','4986c0322734189beb74aaacaccbf327f6863ee27edd550f9954c5bf424d7fc2870abdd55add5dc7ebbb077957164b3d26d57e7f329d54c8cb63f42e45f5fddbGV4oqd0sBIIVrMCC0o+DBuypXD3pS8ygqLi+QsCusPA=','16b9ce8ca6c63e379451e8df31e0402e3d4f8d24c965067d5c56039dc8c4995b9768e8aed0c342a6137dac429dfe7100b8220e93fe68f30d6720449ef04d633bkidywcVJPGpYPRvLJamB2/n+kVTXkiIlMao71S5L0Qhu','71a3266a42eef0434e243af85860c72815fa39ab779a01d6878c6f48b5eefb3df109bcbcf21d4a5ab20a28af4fe576499c94680be527eebbe8247278dd74404600mxkPwposbwu8X7GCFt2aZJH/g7/Eo+4BlJwJOKJQE='),(5,3,'42795285d2638767c2609619052625c06a802da8565a18239a0d872cbf680aa3e3b251ec688000bb455ee4ee5dbd8a323b6f2c979c8a3a8c7e296d8769a49e52CEZaCE/D52G95u5RnzdrsMDotG64wqrMX2zwH4OT+ak=','de0f2d727a6493a09e6508a1347e54687691da3160ccb4a4497f64bcc67c815c0e4388ad9ef71db8e688a6a0a8f18eac6fa76356735bea792b1618bd5964a5602npfH+xZOtoBtAPykQj0lSmBsBne2qMTEMPCTcoy5Ec=','8acdd9e810331f5e40e91abaa0961db303a0bd99d30ad2fe21cea816054c60de17930fd804dfb42fadceee13f01bc9cda617c6e2295e7f85f1dda6309629da6aWODOE79fvC6da5kVVONi9FvGuywu8bTY+E6vqd9gdFrH','8a5ec5c46e367955ae93579fb28b9447f91a3a59c2072e4fc88f67f7ccd0209b00b498f8fd3f27c2115ee5ad4b1217f9e85dbe1db1b8630619cca5e3edc17c56byvzOZ9QqWkTgfTsEOZuHG4gykVxYmZQbfiqAeik/So=');
/*!40000 ALTER TABLE `GUARDIAN_CONTACT_DETAILS` ENABLE KEYS */;
UNLOCK TABLES;

--
-- Table structure for table `LOGIN_DETAILS`
--

DROP TABLE IF EXISTS `LOGIN_DETAILS`;
/*!40101 SET @saved_cs_client     = @@character_set_client */;
/*!40101 SET character_set_client = utf8 */;
CREATE TABLE `LOGIN_DETAILS` (
  `id` int(11) NOT NULL AUTO_INCREMENT,
  `user_id` int(11) NOT NULL,
  `username` varchar(10) NOT NULL,
  `password` char(255) NOT NULL,
  PRIMARY KEY (`id`),
  UNIQUE KEY `id_UNIQUE` (`id`)
) ENGINE=MyISAM AUTO_INCREMENT=5 DEFAULT CHARSET=latin1;
/*!40101 SET character_set_client = @saved_cs_client */;

--
-- Dumping data for table `LOGIN_DETAILS`
--

LOCK TABLES `LOGIN_DETAILS` WRITE;
/*!40000 ALTER TABLE `LOGIN_DETAILS` DISABLE KEYS */;
INSERT INTO `LOGIN_DETAILS` VALUES (1,1,'KJONES','$2y$10$36u/R6lQ24UcEFTtM9YrG.dVv0O4KpIQiycTfnB3hQXnPCj.OEQhi'),(2,2,'KHALL','$2y$10$cmHw3F2l9KnO1k53.SB04.isny6XwDSEJGiPsEO/F9KPlB84dQHQq'),(3,3,'JJONES','$2y$10$eDGH6wCjPeFsCYP12YR2HugdZF61G6Q6eM1jpKXMdaV7U426lyMju');
/*!40000 ALTER TABLE `LOGIN_DETAILS` ENABLE KEYS */;
UNLOCK TABLES;

--
-- Table structure for table `USERS`
--

DROP TABLE IF EXISTS `USERS`;
/*!40101 SET @saved_cs_client     = @@character_set_client */;
/*!40101 SET character_set_client = utf8 */;
CREATE TABLE `USERS` (
  `id` int(11) NOT NULL AUTO_INCREMENT,
  `first_name` char(172) NOT NULL,
  `last_name` char(172) NOT NULL,
  `dob` char(172) NOT NULL,
  `house_no_name` char(172) NOT NULL,
  `street` char(172) NOT NULL,
  `town_city` char(172) NOT NULL,
  `postcode` char(172) NOT NULL,
  `phone` char(172) NOT NULL,
  PRIMARY KEY (`id`),
  UNIQUE KEY `id_UNIQUE` (`id`)
) ENGINE=MyISAM AUTO_INCREMENT=8 DEFAULT CHARSET=latin1;
/*!40101 SET character_set_client = @saved_cs_client */;

--
-- Dumping data for table `USERS`
--

LOCK TABLES `USERS` WRITE;
/*!40000 ALTER TABLE `USERS` DISABLE KEYS */;
INSERT INTO `USERS` VALUES (1,'aa772dc84fc5fd9ad5214fb38b4b20c337a93fbd81aab6ebbe7f84dde01ac44a5782c1c9025314bb66201dfba4148ca0d4a2b5abf22ed95df36ca320335ea6d6k3GKUIpXvuCG1zP3Kcfipm1UEJG5OQsDIibSQY/MfIc=','820ae7aaeb52286bab43fc149d955753a7178abffdef926505837cf609c07b1e214082d2d01f9daf3a269d3364e87bfd9eaac34a296c2816f531e058ccf6ba5e6xIBSrkbEyXOZr4Z5IMWmNM7wP5D2LxMLrP4BBTgPRY=','015f8373a014a8be1abd297c1d6a959b344f75b7b3f07753da0af5a167bdd38ca06a2616638918dbcdf77f3c9273912232ec5141da2dcaed11c700c9f1218683bfW3DU2qTiaicQVhKI6vM7qtQHhq7mY3z7z1plp5FPc=','3915fc31b8d92a8b59de89ac5067b3d182826716c8d40d94ac39880a96a7020ee6b8749f623c3f1026395cd3e72896a93bef1e7d4dc4e3ff04e1cf69133472c0Hrif4YvbvuzAzRxM9Rl+20s5mgSuyKURC830Ds7VFrA=','098122c6534a117c07bfa2032407eb02d7efbaceb05e55a3a809437fde95c3780c4b16e39e805e948e9a4180fe3522e62edbadfc4905aed5b1eb8217667db572nCO21kVRfxV4mVzJKYgUkRsmZY13G9QsJ50SgjnHpCs=','0b79fcea311f39b3a258569ec9d8e1ee102e2d46516b6492c948498a4a2a19d6c5bcf7b7a564f808e257016de75052b4a417399cb8828580f5b6015046f8a748cv50JR8OTAlKpPu+Kpo1/kcoI98UFysteoURoQc1L9M=','bffdb6c4135b26ff8e083ed4bf734a1cb9ae36652bacc4184339bf2f327756d9e77b7b8826944d688ad3aaf4cce117fdf258e19535fbc23ec176e93250b77035vsUS/4WEXkXfXR3LEtMCqA433GReVtnCdD4GWCRxE2A=','12fd2f2cf6a49f8b1bd03c39b622d4a7529b999ff293df8fbbc4d9669fe77032710e2b8486c5d8b6f6d51a09eff74c4de2066d2d821815715af1deb617ea144aax67bgVLq/VxUIS+9eGwJIoIa8gm9bz37fu//nMOFMY='),(2,'1febc9f21858722e09ecb90238eb643dc01a203e4485cd60c178134cf2deb96750fe6cb04f3db9e1dabd3f351642afa6d1646049bb27609876a06a81e8c6e1afFcmMqqclCGgHjElArj6HRHG6da4K1Bizb4Pi/s2vfmU=','8c931655bc505f5a625e2d10829ecdfe566c732d10b71ac0c7b7c604f0766a8ec71a12492b05a3692b78e8abef24899e360ec678263a5bce0ada10137052d580Y1Yhlic8meTFklVEHL88945N+7KX6xGOMEC4Q7wqUjA=','b413ba58247006e9b0e65450ceedec3229a6c8e4f8ce00d402dc536ff900177c136f711595dba739125ccb7ed43a8990f332218d8408a2468cc0d054fe64ac06FtSdUXNYqBs7W5YNgwY4GngYNWT9R33TGgiAT/JaiKA=','9399517c288a8bf25c703adc272dd20c089434e1801ed8ada9dc65f562f24c67252101a65483657da4daf730cefc35d0c99695c2a8700e721a698fe73224c5d2v4o9C0NqPrb5ksoM1LXZrgzyKXmynmfQsN55aBKP1DE=','480ce6e42dfea96ea9f91bcd89c1d6c45fb06284c57aaa013433bc8bb4441e99cf56372b8e2683a1599367b0d9e008e247bbaa68e35dd1622e8a324055843da6/jNszSJGCFVGx3LiWtCgLP8Tz+gdAZb3zwkpNpd09/s=','de986d63c2e16be4012d763a855e9626d33ceb8ceb68611a3c9600050140a4903e67938f89e11c91594f7c503917ad6ee8949bf47d42a653404ef553e8ba2cd6XYgK/sObXTLaDHH0LljnyZedv2fPBhtqMicImE8Pu2o=','0c31cc325c94ed8e3079979c573715a2f11caa0efe62f1f6ee7dfdc366dbb4d3ac0817f71f8fbd3ed4eb85ac83127350eee95e92afd0e233467617033a891507NnW43jRYrcFAfciERwoSsVERitoeaChGlRnsD1Fl6l0=','ecaa1bc03692c73fa72bc831450c6ccb7f83929e3af6694e885ae70850942bee27fa9fe7db26c60f09f0c32b6e0c423d2e4a6b5dfc142b39bcf96f9252130119jKFznssHul+CauDcixXXqUhAqFlP5IdmoM+WvnQx1Y0='),(3,'b2812e351dae6602a6c229d9a575ab4904c4bf1c4422d691b57756ca79f8259b0541d9d3e61f34904ce885e1e0d5922fda6e598555f7d56f3d2cc7bea7d65216Kxusy0/WcnPEzukD5HyFtuGCwvZnofINqM34f6ilCZ0=','e0730646f79689ad76bf6e90a51ce8a0d32dbf067a239a8e2b3306e21a012892345dbe7143eca4eac8601288c71adbeb77e22cb652d79382ab8c30113d38a571s32GkPhuKE8j8Mp8KARub+Ff2VIO/v0tz8rxybo0zlY=','479327020ccdd83170b93fc10444ae0df4e2613bda0d592b851aa869e82544d3fcae80305c786975ed9ca537a300fa82d9a255eb090c3652651f390fd36e676e7UpyCyUruLeqYUcCxHL6Bqbkpdbd6OlHL4ZQHzv7YtU=','12a1bbd45e90ba6bf09c9dc1b8a0f4c363ba8a851e537dadc975d4e92d03fc7f0a5af6499c693d59d88119c140841c054f2c1684abe3a4d54a4f20b0ceec0ec8ve1st/tYaNJMcFFw+HctP4VlK5saqc82bPJ/Wpsr9vM=','014a0625f5ebbb95b3acd7d7416d29619506bbe2f08989fcdb80b96f51eecd825f76ffc003e616124b32570602fa259be88becf8496ce0098ecd5f8d3abd0e8fGKvMaIvbgkOr3dMq87Ft8HDOKx8NE0jGVz6x1spkqdE=','d47f95c508a9cb47d94c6c7391232fe87871e9bae1495f9bed2a21acd5a15d16e1322c6259d0a0be98550655add315626b02e1c15b952f2e91af5754ffb562ad8RMEJ4qVLGAoBWz41sZ9M59B5BsrzQOUTXn/W4EpELE=','7f0e5ce6c10807473d7448e0033d35237427e9418451bd99babb185195e30a0ab18f1a2d4da3ae1893fb77f0a92f1ba0c810c05a08c774802baac89726783713VOgldanV776bPRaD7C0NgDXOJ1zyBCKOrixfxWvNTac=','fed1b7891f1e2aae4d681ea047c7ab3b29edf973a18592c755c31e4e212d593f28917eac69ffb4844a3b7eb5811a8c1464e81fd6e8def5b78f0f50442de31c25xIkHoo4/iymNfdnBX0ODOq/NxGVtuRsks5B+KPzdtnM=');
/*!40000 ALTER TABLE `USERS` ENABLE KEYS */;
UNLOCK TABLES;
/*!40103 SET TIME_ZONE=@OLD_TIME_ZONE */;

/*!40101 SET SQL_MODE=@OLD_SQL_MODE */;
/*!40014 SET FOREIGN_KEY_CHECKS=@OLD_FOREIGN_KEY_CHECKS */;
/*!40014 SET UNIQUE_CHECKS=@OLD_UNIQUE_CHECKS */;
/*!40101 SET CHARACTER_SET_CLIENT=@OLD_CHARACTER_SET_CLIENT */;
/*!40101 SET CHARACTER_SET_RESULTS=@OLD_CHARACTER_SET_RESULTS */;
/*!40101 SET COLLATION_CONNECTION=@OLD_COLLATION_CONNECTION */;
/*!40111 SET SQL_NOTES=@OLD_SQL_NOTES */;

-- Dump completed on 2017-05-12  0:36:43
